kode_menu,opsi_berat,gram,kkal_urt,karbo_urt,protein_urt,lemak_urt
k1,Gelas,0.5,175,50,4,0
k1,Gram,1,0,0.5,0.04,0
k2,Gelas,1,175,50,4,0
k2,Gram,1,0,0.25,0.02,0
k3,Gelas,2,175,50,4,0
k3,Gram,1,0,0.125,0.01,0
k4,Gelas,0.75,175,50,4,0
k4,Gram,1,0,0.5,0.04,0
k5,Biji sedang,4,175,50,4,0
k5,Gram,1,0,0.25,0.02,0
k6,Potong sedang,1,175,50,4,0
k6,Gram,1,0,0.5,0.04,0
k7,Biji sedang,1,175,50,4,0
k7,Gram,1,0,0.25,0.02,0
k8,Biji sedang,1,175,50,4,0
k8,Gram,1,0,0.333333333,0.026666667,0
k9,Buah,4,175,50,4,0
k9,Gram,1,0,1,0.08,0
k10,Buah besar,5,175,50,4,0
k10,Gram,1,0,1,0.08,0
k11,Iris,4,175,50,4,0
k11,Gram,1,0,0.625,0.05,0
k12,Gelas,1,175,50,4,0
k12,Gram,1,0,1,0.08,0
k13,Gelas,1.5,175,50,4,0
k13,Gram,1,0,0.5,0.04,0
k14,Gelas,0.5,175,50,4,0
k14,Gram,1,0,1,0.08,0
k15,Sendok (sdm),8,175,50,4,0
k15,Gram,1,0,1,0.08,0
k16,Sendok (sdm),8,175,50,4,0
k16,Gram,1,0,1.25,0.1,0
k17,Sendok (sdm),8,175,50,4,0
k17,Gram,1,0,1.25,0.1,0
k18,Sendok (sdm),7,175,50,4,0
k18,Gram,1,0,1.25,0.1,0
k19,Sendok (sdm),8,175,50,4,0
k19,Gram,1,0,1.25,0.1,0
k20,Sendok (sdm),8,175,50,4,0
k20,Gram,1,0,1,0.08,0
k21,Sendok (sdm),6,175,50,4,0
k21,Gram,1,0,1,0.08,0
PHR1,Potong sedang,1,50,0,7,2
PHR1,Gram,1,0,0,0.175,0.05
PHR2,Potong sedang,1,50,0,7,2
PHR2,Gram,1,0,0,0.14,0.04
PHR3,Potong kecil,1,50,0,7,2
PHR3,Gram,1,0,0,0.466666667,0.133333333
PHS1,Biji kecil,10,75,0,7,5
PHS1,Gram,1,0,0,0.07,0.05
PHS2,Potong sedang,1,75,0,7,5
PHS2,Gram,1,0,0,0.175,0.125
PHS3,Potong sedang,1,75,0,7,5
PHS3,Gram,1,0,0,0.2,0.142857143
PHS4,Buah sedang,1,75,0,7,5
PHS4,Gram,1,0,0,0.233333333,0.166666667
PHS5,Potong besar,1,75,0,7,5
PHS5,Gram,1,0,0,0.107692308,0.076923077
PHS6,Potong sedang,1,75,0,7,5
PHS6,Gram,1,0,0,0.175,0.125
PHS7,Bulatan,3,75,0,7,5
PHS7,Gram,1,0,0,0.093333333,0.066666667
PHS8,Butir,1,75,0,7,5
PHS8,Gram,1,0,0,0.14,0.1
PHS9,Butir kecil,5,75,0,7,5
PHS9,Gram,1,0,0,0.116666667,0.083333333
PHS10,Gelas,0.25,75,0,7,5
PHS10,Gram,1,0,0,0.14,0.1
PHS11,Ekor,1,75,0,7,5
PHS11,Gram,1,0,0,0.14,0.1
PHS12,Gelas,0.5,75,0,7,5
PHS12,Gram,1,0,0,0.077777778,0.055555556
PST1,Potong sedang,1,150,0,7,13
PST1,Gram,1,0,0,0.155555556,0.288888889
PST2,Sendok (sdm),3,150,0,7,13
PST2,Gram,1,0,0,0.155555556,0.288888889
PST3,Potong sedang,1,150,0,7,13
PST3,Gram,1,0,0,0.127272727,0.236363636
PST4,Potong sedang,1,150,0,7,13
PST4,Gram,1,0,0,0.14,0.26
PST5,Potong sedang,0.5,150,0,7,13
PST5,Gram,1,0,0,0.14,0.26
PST6,Butir,2,150,0,7,13
PST6,Gram,1,0,0,0.155555556,0.288888889
PN1,Potong sedang,2,80,8,6,3
PN1,Gram,1,0,0.16,0.12,0.06
PN2,Potong sedang,1,80,8,6,3
PN2,Gram,1,0,0.08,0.06,0.03
PN3,Potong sedang,2,80,8,6,3
PN3,Gram,1,0,0.16,0.12,0.06
PN4,Sendok (sdm),2.5,80,8,6,3
PN4,Gram,1,0,0.32,0.24,0.12
PN5,Sendok (sdm),2.5,80,8,6,3
PN5,Gram,1,0,0.32,0.24,0.12
PN6,Sendok (sdm),2.5,80,8,6,3
PN6,Gram,1,0,0.32,0.24,0.12
PN7,Sendok (sdm),2.5,80,8,6,3
PN7,Gram,1,0,0.32,0.24,0.12
PN8,Sendok (sdm),2,80,8,6,3
PN8,Gram,1,0,0.4,0.3,0.15
S1,Gram,1,0,0.1,0.03,0
S2,Gram,1,0,0.1,0.03,0
S3,Gram,1,0,0.1,0.03,0
S4,Gram,1,0,0.1,0.03,0
S5,Gram,1,0,0.1,0.03,0
S6,Gram,1,0,0.1,0.03,0
S7,Gram,1,0,0.1,0.03,0
S8,Gram,1,0,0.1,0.03,0
S9,Gram,1,0,0.1,0.03,0
S10,Gram,1,0,0.1,0.03,0
S11,Gram,1,0,0.1,0.03,0
S12,Gram,1,0,0.1,0.03,0
S13,Gram,1,0,0.1,0.03,0
S14,Gram,1,0,0.1,0.03,0
S15,Gram,1,0,0.1,0.03,0
S16,Gram,1,0,0.1,0.03,0
S17,Gram,1,0,0.1,0.03,0
S18,Gram,1,0,0.1,0.03,0
S19,Gram,1,0,0.1,0.03,0
S20,Gram,1,0,0.1,0.03,0
S21,Gram,1,0,0.1,0.03,0
S22,Gram,1,0,0.1,0.03,0
S23,Gram,1,0,0.1,0.03,0
S24,Gram,1,0,0.1,0.03,0
S25,Gram,1,0,0.1,0.03,0
S26,Gram,1,0,0.1,0.03,0
S27,Gram,1,0,0.1,0.03,0
S28,Gram,1,0,0.1,0.03,0
S29,Gram,1,0,0.1,0.03,0
S30,Gram,1,0,0.1,0.03,0
S31,Gram,1,0,0.1,0.03,0
S32,Gram,1,0,0.1,0.03,0
S33,Gram,1,0,0.1,0.03,0
S34,Gram,1,0,0.1,0.03,0
S35,Gram,1,0,0.1,0.03,0
S36,Gram,1,0,0.1,0.03,0
S37,Gram,1,0,0.1,0.03,0
S38,Gram,1,0,0.1,0.03,0
S39,Gram,1,0,0.1,0.03,0
S40,Gram,1,0,0.1,0.03,0
S41,Gram,1,0,0.1,0.03,0
S42,Gram,1,0,0.1,0.03,0
S43,Gram,1,0,0.1,0.03,0
BG1,Buah sedang,1,50,12,0,0
BG1,Gram,1,0,0.24,0,0
BG2,Biji,3,50,12,0,0
BG2,Gram,1,0,0.24,0,0
BG3,Buah,8,50,12,0,0
BG3,Gram,1,0,0.16,0,0
BG4,Gelas,0.5,50,12,0,0
BG4,Gram,1,0,0.24,0,0
BG5,Buah,0.1667,50,12,0,0
BG5,Gram,1,0,0.16,0,0
BG6,Buah,10,50,12,0,0
BG6,Gram,1,0,0.16,0,0
BG7,Buah,10,50,12,0,0
BG7,Gram,1,0,0.16,0,0
BG8,Biji,3,50,12,0,0
BG8,Gram,1,0,0.24,0,0
BG9,Buah,2,50,12,0,0
BG9,Gram,1,0,0.12,0,0
BG10,Buah,1,50,12,0,0
BG10,Gram,1,0,0.12,0,0
BG11,Buah sedang,2,50,12,0,0
BG11,Gram,1,0,0.12,0,0
BG12,Buah sedang,1,50,12,0,0
BG12,Gram,1,0,0.12,0,0
BG13,Buah sedang,1,50,12,0,0
BG13,Gram,1,0,0.16,0,0
BG14,Buah sedang,2,50,12,0,0
BG14,Gram,1,0,0.12,0,0
BG15,Potong,1,50,12,0,0
BG15,Gram,1,0,0.12,0,0
BG16,Buah besar,1,50,12,0,0
BG16,Gram,1,0,0.16,0,0
BG17,Buah besar,1,50,12,0,0
BG17,Gram,1,0,0.24,0,0
BG18,Potong,1,50,12,0,0
BG18,Gram,1,0,0.08,0,0
BG19,Potong,1,50,12,0,0
BG19,Gram,1,0,0.06,0,0
BG20,Potong,1,50,12,0,0
BG20,Gram,1,0,0.12,0,0
BG21,Buah kecil,1,50,12,0,0
BG21,Gram,1,0,0.16,0,0
BG22,Buah,0.5,50,12,0,0
BG22,Gram,1,0,0.24,0,0
BG23,Buah,1,50,12,0,0
BG23,Gram,1,0,0.096,0,0
BG24,Buah,0.5,50,12,0,0
BG24,Gram,1,0,0.16,0,0
BG25,Buah,1,50,12,0,0
BG25,Gram,1,0,0.24,0,0
BG26,Buah besar,1,50,12,0,0
BG26,Gram,1,0,0.24,0,0
BG27,Buah sedang,2,50,12,0,0
BG27,Gram,1,0,0.096,0,0
BG28,Sendok (sdm),1,50,12,0,0
BG28,Gram,1,0,0.8,0,0
BG29,Sendok (sdm),1,50,12,0,0
BG29,Gram,1,0,1.2,0,0
STL1,Gelas,1,70,11,7,0
STL1,Gram,1,0,0.055,0.035,0
STL2,Sendok (sdm),4,70,11,7,0
STL2,Gram,1,0,0.55,0.35,0
STL3,Gelas,0.67,70,11,7,0
STL3,Gram,1,0,0.091666667,0.058333333,0
SRL1,Potong kecil,1,125,10,7,6
SRL1,Gram,1,0,0.285714286,0.2,0.171428571
SRL2,Gelas,0.75,125,10,7,6
SRL2,Gram,1,0,0.060606061,0.042424242,0.036363636
SRL3,Gelas,1,125,10,7,6
SRL3,Gram,1,0,0.05,0.035,0.03
SRL4,Gelas,1,125,10,7,6
SRL4,Gram,1,0,0.05,0.035,0.03
SRL5,Sendok (sdm),4,125,10,7,6
SRL5,Gram,1,0,0.4,0.28,0.24
SRL6,Gelas,1,125,10,7,6
SRL6,Gram,1,0,0.05,0.035,0.03
STIL1,Sendok (sdm),6,150,10,7,10
STIL1,Gram,1,0,0.333333333,0.233333333,0.333333333
M1,Sendok teh,1,45,0,0,5
M1,Gram,1,0,0,0,1
M2,Sendok teh,1,45,0,0,5
M2,Gram,1,0,0,0,1
M3,Sendok teh,1,45,0,0,5
M3,Gram,1,0,0,0,1
M4,Sendok teh,1,45,0,0,5
M4,Gram,1,0,0,0,1
M5,Sendok teh,1,45,0,0,5
M5,Gram,1,0,0,0,1
M6,Sendok (sdm),5,45,0,0,5
M6,Gram,1,0,0,0,0.2
M7,Sendok (sdm),4,45,0,0,5
M7,Gram,1,0,0,0,0.125
M8,Sendok (sdm),1.5,45,0,0,5
M8,Gram,1,0,0,0,0.333333333
M9,Potong kecil,1,45,0,0,5
M9,Gram,1,0,0,0,1
